source_path,destination_path,git_mode,source_blob,bytes,sha256
.gitignore,.gitignore,100644,7de1c6c625329869631771dae0e2edc52c638b67,282,beea9a166eae6fe7aba7a1a36f2b1dbcba929d87b6bf406256a404b4c58026cf
README.md,README.upstream.md,100644,b5915fee28ad9c98b609550998dd147a0514429f,3002,194ce7cc292593e49ba583f74df8d69fcf80308d8a9672fc7e920b9da42b95a8
docs/ARCHITECTURE.md,docs/ARCHITECTURE.md,100644,da8c630f8799809a91188f4c4aa53d9c1abc2732,5621,1eb65f66b7f92fc2a0a42fff8a9adec491501c12c192714a72bab2d5e966029d
docs/DECISION_RUNBOOK.md,docs/DECISION_RUNBOOK.md,100644,33ad4fcb40400bb0f42e22e6daf17ca24dba3d17,8200,f2629857798851e68e65c3e4e883040e486233fad012d5a7b47704d1cc451ab7
docs/Foxglove_화면.png,docs/Foxglove_화면.png,100644,e2974058acb5a46fd4f159f88d02c9e5cc46a1a2,535940,8d8c08b5559940aae75ae303acc9dacbfa816261b63cd5bf6ceeebfe3c16ef68
docs/MISSION_SCENARIOS.md,docs/MISSION_SCENARIOS.md,100644,20435eb735a46988bf9c64e0ef621593c2e76ca7,3474,b0b0edf1ce6eae69fe2731fb7534cd5a75e8eea4d825347c6b3ab4037188c3e3
docs/PARAMETER_BOOK.md,docs/PARAMETER_BOOK.md,100644,3d2bca42240d076df188340075a6a59d52789630,9845,a4a8af90a213a07026eeed3d3c1bd31aea9b45ca5b398556f333a83705287322
docs/ROUTE_TRACKING.md,docs/ROUTE_TRACKING.md,100644,6309ba035c76765bc8e6fd9f9bce2402385d7017,5925,a8427371df46a0f719cee1a2c867853fe744e2067b1056c9b21238c720c9a33a
docs/foxglove_replay/replay_early.png,docs/foxglove_replay/replay_early.png,100644,f14e9c93be19ca839bf2bc131b85ed1417212283,1517270,373e795e72bdec5ff4ff249389298f00f1c14d1ad110a6e8f490ad265dc1bc54
docs/foxglove_replay/replay_late.png,docs/foxglove_replay/replay_late.png,100644,028385f6923148584bf7d5969446a7cf70e08c8b,1598107,1e784eb2b76385788e58c4352f3d173effc82b17a679dd14502bb279cca2ad05
docs/foxglove_replay/replay_mid.png,docs/foxglove_replay/replay_mid.png,100644,557e8daad24d53e4f5f8932a54ea455835898e82,1507062,83935ec160b925fc0f01d63570e9a85854eb0eb45b48062232f1cce1e67132d8
docs/본선_시나리오.png,docs/본선_시나리오.png,100644,ae83c9029f2872d02376e49b9edf4d04a2db3da4,622015,8584716e4e340d26fd6e1c838ff321dfda64f0f023047935d011f3b4c0a6570b
docs/예선_시나리오.png,docs/예선_시나리오.png,100644,3afad54664aae3a215e2fb85c9d7302432e8478f,561634,48ea88f40bc2589ff1b08bae57a2ce3d5b0726dbd63af5871e083d4b20e49467
kaiev26_aeb/.gitignore,kaiev26_aeb/.gitignore,100644,a69c4e802acf36f0542b3413bf21b2f4cfb7535b,58,f01181a346428e3ea56e1bad7bd536902b268bcc3de3bd1047330f6e76774a84
kaiev26_aeb/README.md,kaiev26_aeb/README.md,100644,1801bbdb92a074f948d3cde5e3e5ddcbac9a239e,4919,2b2d419738c2ec3f21a83e9d7d5349b4bbeed71c2fa5050e8f436f0e582ef998
kaiev26_aeb/auto_cone_trial.py,kaiev26_aeb/auto_cone_trial.py,100755,00a1eaeedd527fe55f4eaa7fc7d86e92314af420,1593,db21f0bde372d3ebf73179d7388dfa82d1a7d85a0961586bac6a57aee6364070
kaiev26_aeb/config/foxglove.json,kaiev26_aeb/config/foxglove.json,100644,420010369b94a9ca4c16a19bd01ca733265014f1,6088,8ba8b24816e5ded8b2c4b08765a048e4706085804ac42a9f09ff28e9ea296447
kaiev26_aeb/config/foxglove_decision_default.json,kaiev26_aeb/config/foxglove_decision_default.json,100644,3230fdc01dc499d025cdedef0ada09fb5dcb8fe3,5450,cd63a1e3fa788c831d4add6de688eb10582e4a9e663f5af03afb3d5d882e775d
kaiev26_aeb/config/foxglove_yolo_only.json,kaiev26_aeb/config/foxglove_yolo_only.json,100644,28038ede81f274a84c9f1e1e830185cd93451688,5847,98570031318894133ed34eeac23903736c298e3efb53341d19e40144e32a289f
kaiev26_aeb/config/perception.yaml,kaiev26_aeb/config/perception.yaml,100644,722cf13fe87972d5187d69cffd1168955280d90d,2346,0760f0e08d2a04d757fd1576146fcb9c31ba76d7f2e0177746bb9406d72d99df
kaiev26_aeb/config/tracking.yaml,kaiev26_aeb/config/tracking.yaml,100644,5affa235ceb2a7f2a870febdf14c0c96ab60712c,1106,660820c92395557a69a91727fd0dd506158bf31b6005fbc9a004822ca7bd628e
kaiev26_aeb/kaiev26_aeb/__init__.py,kaiev26_aeb/kaiev26_aeb/__init__.py,100644,c6f394a8621b93dce0f21e0c1bc5f3c841b8c9f5,58,3e2f8f1dfe1dffb40b664f45f5d6e12eda4cd64b086c9a598ee6af8c8079ad8a
kaiev26_aeb/kaiev26_aeb/bag.py,kaiev26_aeb/kaiev26_aeb/bag.py,100644,fd2334ab4973eea47217e1f33fcd4d0016aa1675,11966,1f07bb3ab5bd0cf1321d6289c85faef03d1cab09e5a024a95f7d1e40d91fed77
kaiev26_aeb/kaiev26_aeb/check_tracking_bag.py,kaiev26_aeb/kaiev26_aeb/check_tracking_bag.py,100644,8a4d6a3e0172ef8e7f6432d53319f0b755399113,7849,7c5987106ce2a81e858d1d3c82c28887b1d223a0f6c09652d6b4875773ff9a02
kaiev26_aeb/kaiev26_aeb/core.py,kaiev26_aeb/kaiev26_aeb/core.py,100644,7a7ba81552f822b3dac8a954dc9b6eba9771a8f2,15882,8502f6fc976a09640f5bce46772237069245ef8d3b244d7bf51204390c4007fc
kaiev26_aeb/kaiev26_aeb/decode_packets.py,kaiev26_aeb/kaiev26_aeb/decode_packets.py,100644,a9bbf258da5a7323f2c66902134f3c1911f391fa,2820,ce68de0e092b9b3a3586e72a21e4d75a038fee48c257d506a745937afc34f0b1
kaiev26_aeb/kaiev26_aeb/detector.py,kaiev26_aeb/kaiev26_aeb/detector.py,100644,7ba1eac9e9f197332f501e43d38b8d527f71753b,3482,7e4e224fb8fad5e4300e52b1214d2d0d263d037151c698b64c0f4c8a8e1e6431
kaiev26_aeb/kaiev26_aeb/messages.py,kaiev26_aeb/kaiev26_aeb/messages.py,100644,61f29db56fe6b695acecc08a7525e357351ad40b,8355,a71982efc1cf3c5cddf49682dfe25943353c51830a77252baf0e2498fe330899
kaiev26_aeb/kaiev26_aeb/perception_node.py,kaiev26_aeb/kaiev26_aeb/perception_node.py,100644,26c4a0732334b1151816e26719d546f77cc5d0e6,18169,e02d44cd26a947a9a080a1210773eb403849874cdf4ecdf20d4665df56e44600
kaiev26_aeb/kaiev26_aeb/pursuit.py,kaiev26_aeb/kaiev26_aeb/pursuit.py,100644,ad0a7e0ce9f632375745a2f9f120bf908e5992db,9360,2a4f48b47ba00eb3b888f6e33ecef8cedecfc260546c65d74d1d9158aa49556e
kaiev26_aeb/kaiev26_aeb/sim_trial.py,kaiev26_aeb/kaiev26_aeb/sim_trial.py,100644,f6f36b0eca8f4b08639c9b7ddb115ba860a162a8,13271,056cad44f5d732bad9c0d8007ba1178f7d64a6b8c8d5562d3f6d1ffeaebbfefc
kaiev26_aeb/kaiev26_aeb/stanley.py,kaiev26_aeb/kaiev26_aeb/stanley.py,100644,4148db2ad16fbb0af8d8d4b445d0fbe6337ad466,2888,7a719696fa5af3a3f2ce1eb44868b04d77bfff5bf248c5719df5d7633e82f4d1
kaiev26_aeb/kaiev26_aeb/tracking_node.py,kaiev26_aeb/kaiev26_aeb/tracking_node.py,100644,5774251546ff047361f4dd98d55e8b120f2662bb,8828,e99da099e8aedb0b4cbd3072a8c0b6a43e4905a3e467d747a4342c393daedca3
kaiev26_aeb/kaiev26_aeb/trial_processes.py,kaiev26_aeb/kaiev26_aeb/trial_processes.py,100644,9bec9e5e9756d12458c71a458d32fe9f64cca2ed,9430,8b4227051723b56471309841d205d7623c3b5ad4189e4443ee7f355f3d518cf1
kaiev26_aeb/kaiev26_aeb/trial_profiles.py,kaiev26_aeb/kaiev26_aeb/trial_profiles.py,100644,b979424349e9079ecc9a3bb67b71e251b20b4f46,2686,347bf45d513eaffc04c8ceb3f5e228dcc8b4efb075b1d80f8bf9f9a23220a14a
kaiev26_aeb/kaiev26_aeb/trial_runtime.py,kaiev26_aeb/kaiev26_aeb/trial_runtime.py,100644,ee4350692e5a5c6c3310d07c3e486fc362d72517,18651,1c835f385f4f7aae51e2fa5ee3436261a4bdb9abbc356c2f26c9e5d15add9adb
kaiev26_aeb/kaiev26_aeb/trial_tui.py,kaiev26_aeb/kaiev26_aeb/trial_tui.py,100644,440bf44b10d1022c8a584e018b56d5ff979c0aec,9218,9904f04202ff8ddfced3a2d2119c46aba0c50bd6900ea8c01c0dfac5a9ede486
kaiev26_aeb/kaiev26_aeb/yolo_bag.py,kaiev26_aeb/kaiev26_aeb/yolo_bag.py,100644,cdffccfadf7f3eb8b244eeafdc7ba220c94a266c,9259,460be69fb5f03f5932ae2e193a6ddb2c9963a49e47e020121cefedeee7af426f
kaiev26_aeb/kaiev26_aeb/yolo_core.py,kaiev26_aeb/kaiev26_aeb/yolo_core.py,100644,d968c05c9fc0253a10fc5bf3f1efcfb5bca3fd60,5403,1e415eda570c8c9041ec46b83be800bf82ecdf32981d2e3dff192377905fc704
kaiev26_aeb/launch/aeb_sim.launch.py,kaiev26_aeb/launch/aeb_sim.launch.py,100644,3508e0f40b3a53afcc0a9135c38cdc94a5732cc8,2697,ab8c11ac2c753988a3ad405ecda756b44be4c25c1aacb3442bd9f57eb3396f89
kaiev26_aeb/launch/aeb_test.launch.py,kaiev26_aeb/launch/aeb_test.launch.py,100644,109ba95731c4bd511073daeb1b465dd7b5a404d3,2961,1b776ef7cd887f5a0e0cb214a02ca3b10006bc069a84bad478e73fea99630050
kaiev26_aeb/package.xml,kaiev26_aeb/package.xml,100644,27ac3f0664e9d4f7bbad717d9ded17aeb581296b,1518,83d522e189b6b4d82ff2a2f9e7bbbede0162503781ffa21b0142084187ee1edb
kaiev26_aeb/requirements-offline.txt,kaiev26_aeb/requirements-offline.txt,100644,8006bb9800bb8427cf539473ff4ec736c36fba58,179,611853db221c5d29ebda1c0d7a7f6b83b5558986d25c4983b4318354a7237d21
kaiev26_aeb/resource/kaiev26_aeb,kaiev26_aeb/resource/kaiev26_aeb,100644,e69de29bb2d1d6434b8b29ae775ad8c2e48c5391,0,e3b0c44298fc1c149afbf4c8996fb92427ae41e4649b934ca495991b7852b855
kaiev26_aeb/setup.cfg,kaiev26_aeb/setup.cfg,100644,ce40199eea038fc797b5276eeb611e9d867ee617,127,dcbf52bed9420ad2d394701a4b3e968af3a57dce50814bf52ba9d78f70ea7961
kaiev26_aeb/setup.py,kaiev26_aeb/setup.py,100644,86802881ccdde82e3a6757955fab13f6227940a6,1295,6c97f08f41cdaf0c52b9d1a9bb4686b30331ff88b7c4fa7f125b816f3370004d
kaiev26_aeb/test/test_geometry.py,kaiev26_aeb/test/test_geometry.py,100644,cae3eba43e3c851220a633f3787811b2aec44937,7994,59cef9ae02c0bc8d68a185b45cfaa15918451268e16d425c1c8a9b8612a0c1b3
kaiev26_aeb/test/test_package_layout.py,kaiev26_aeb/test/test_package_layout.py,100644,32b257ec7df78de3d76821cbcf8d5742877ac433,1448,42ab4453f69904cf9d744a9c753595cb58baefeda333cdac06abcf69d260ba82
kaiev26_aeb/test/test_pursuit.py,kaiev26_aeb/test/test_pursuit.py,100644,dd6bd6b887d3c920d7a6022c7ff9f7414d30e414,3760,7d86296fa9cd6a4ee9111c5dc31dd3cb6dea684b0362cfbb7a21f0c12b07ba4c
kaiev26_aeb/test/test_red_stop.py,kaiev26_aeb/test/test_red_stop.py,100644,500ec1dd72946eab719b581b81d50bfea47d23b3,4061,1801c4c7b059a45945260d6b0dd1b2f98cf20191ab3c1fb08254b855b02f03e3
kaiev26_aeb/test/test_stanley.py,kaiev26_aeb/test/test_stanley.py,100644,6b082e2f6bae6abb8b40d91dd2c3b4d4c1d049a9,5521,b0bd14428870f9cb70049d75da326110b400cacb1449cd0b6160cdbb5cde0f50
kaiev26_aeb/test/test_tracking_visuals.py,kaiev26_aeb/test/test_tracking_visuals.py,100644,ce72a49d1664fdc5f8a6cc46f6641327527823fa,1672,e59d97f719c0567f9ce199a60014e96f3a55eac28832f6a8dcca577b1b92973b
kaiev26_aeb/test/test_trial_profiles.py,kaiev26_aeb/test/test_trial_profiles.py,100644,70b86b7ec61841b8d4c1127e978432e524d494a7,1789,93fd74923301cdad0abe95b82d9b8971af3213d9d0e6a5fd83ce78de102abcc7
kaiev26_aeb/test/test_yolo_geometry.py,kaiev26_aeb/test/test_yolo_geometry.py,100644,710906d4b288ce34ccbf44897020418f2a62cf30,2328,503f9fae46397228d112822cdad03b59fc21fd68de69544438325569158c4919
kaiev26_decision/README.md,kaiev26_decision/README.md,100644,dfcf651d8d2f32f8fbaaffcecce46490b5664ad3,3863,fce83c21d42a9cad2c9f5bfd4fb9f0b2f688dda3fc75100662caffba2236addd
kaiev26_decision/config/decision_pipeline.yaml,kaiev26_decision/config/decision_pipeline.yaml,100644,301b377442811ff46839181f99428cc56058cecb,2879,753d5101f8d734ae738664ea18de6af5b3da923444f12d491b4ad97f2da1ec59
kaiev26_decision/config/driving_lidar.rviz,kaiev26_decision/config/driving_lidar.rviz,100644,94e93a0eca7192f10de21a7703b41c6d1d943f1f,5599,e1a50fded0f7fd0938d9b796ae1b6fb851d795972fcfd437232c32a563c00b13
kaiev26_decision/config/driving_spatial.rviz,kaiev26_decision/config/driving_spatial.rviz,100644,54009d4c3fac3f1bae79311b40b937b0a70045ff,6358,662a0044c7383762fadd6f58a292169086d6d73cf454281ec3c5bb9276cef558
kaiev26_decision/config/final_landmarks.yaml,kaiev26_decision/config/final_landmarks.yaml,100644,3266b9184c0924425cdb97221d0ae7321c5e34e0,1498,62dd6f7e605f8d1cb328a93f85a26db880583fc73222fcace1ff42ead5ea72b9
kaiev26_decision/config/final_policy.yaml,kaiev26_decision/config/final_policy.yaml,100644,c5350b5f6ba3da8da578b9b8b7758f2f45cebfe9,2481,7305eea48300a18951da4c4319424f7d17c8f548e9581a5300771c53304da399
kaiev26_decision/config/qualifying_landmarks.yaml,kaiev26_decision/config/qualifying_landmarks.yaml,100644,f34769550290312f24b18a582e5f6584c0826305,1036,ad07154b91beedec3a548dd3c2f4bdf5483663c48ee261c30483c09ac9ada42a
kaiev26_decision/config/qualifying_policy.yaml,kaiev26_decision/config/qualifying_policy.yaml,100644,c47425d366161ce5e247b87f74cd249370df1df1,1885,2e4a15c57af5f62f11a320c0165304f3fb454824252b0dda2a6a695168aab451
kaiev26_decision/kaiev26_decision/__init__.py,kaiev26_decision/kaiev26_decision/__init__.py,100644,991d71ebeef73b48d32f225cb4f7671a16b31caf,51,a2e330ba892c2498e1b50375fd9f0f8fe1b01aea89a5fda237990d5902571cac
kaiev26_decision/kaiev26_decision/aeb_logic.py,kaiev26_decision/kaiev26_decision/aeb_logic.py,100644,7540271dc7fad4732b202ca99f918d5198f12f57,4386,0af93959dd45bee05cecb4b51b7fe867e5e3b61285b1fa7148bfa2b97a23d8a0
kaiev26_decision/kaiev26_decision/common.py,kaiev26_decision/kaiev26_decision/common.py,100644,9e0553731fb2d28f727d6e5daa5f4964ad88c417,4235,cd7f3863534a24ad8bc61ba73f640e576d69f0f911f7c9cdb21d5c610a3c8480
kaiev26_decision/kaiev26_decision/debug_monitor_node.py,kaiev26_decision/kaiev26_decision/debug_monitor_node.py,100644,810bd3ef0d7f24bdc84c89cc8f553fe32aebdc34,15704,748e342705f6f8f92afc4e7334cbdbdfaaf6f312de87a02842b08e197b7d8e36
kaiev26_decision/kaiev26_decision/main_planning_engine_node.py,kaiev26_decision/kaiev26_decision/main_planning_engine_node.py,100644,53aa3186f49f2d312adcb90786c040dc482c998a,28909,df6b7d47177d32c8ccdec73d1a7808c0e4b187a88443b06256f7c03babd6d4fd
kaiev26_decision/kaiev26_decision/perception_gateway_node.py,kaiev26_decision/kaiev26_decision/perception_gateway_node.py,100644,184fc7acc8d5abc73e7b2c4bb6500149da8976ae,20759,a7397fdc5a2e38b2437562034ae9428169cbb3da445f2043bc51dc13602ddccc
kaiev26_decision/kaiev26_decision/planning_core.py,kaiev26_decision/kaiev26_decision/planning_core.py,100644,616c4847e40959c8c8bec082cd4c53a5a1636d13,32840,76e96fd752899ebd69eb0cc53a90be82158db03c5845ceb7fac934c10e4f24c9
kaiev26_decision/kaiev26_decision/priority_selector.py,kaiev26_decision/kaiev26_decision/priority_selector.py,100644,90c0eaa8e254614929d9c5660034862f5f165dad,10832,8a2caa9cc8574c75121cfb0e84e8fbbd26aebd2480fca29ad2623196a714a399
kaiev26_decision/kaiev26_decision/route_zone_manager_node.py,kaiev26_decision/kaiev26_decision/route_zone_manager_node.py,100644,324f71959a23d2795fe9cce750b45a67bc5edfa8,51662,c096b76c11fcb7700e2e2445b762ff606142afa5fb6cc1f4225f2a8d437514fe
kaiev26_decision/kaiev26_decision/scenario_modules/__init__.py,kaiev26_decision/kaiev26_decision/scenario_modules/__init__.py,100644,e0807d14de62d6855bbca49ae93f9ba1157fae36,57,72aedc32f7606448a4c466211f4ee38576754d0585458ca65903ae8695e5bebf
kaiev26_decision/kaiev26_decision/scenario_modules/finish_fsm.py,kaiev26_decision/kaiev26_decision/scenario_modules/finish_fsm.py,100644,04a8a67e29b184f8177b25805ddd7abbf5dd1f50,1549,cce4027f7c573277481274fe064d648a5fe8f89e974909b3efd2141044996a04
kaiev26_decision/kaiev26_decision/scenario_modules/lane_fsm.py,kaiev26_decision/kaiev26_decision/scenario_modules/lane_fsm.py,100644,a4470f9a074d645f50e703242ce0f195f046bd70,7611,52778ecb9da9297e004ea8d2750d6aa9ed103a091694fd6946be53d2261ea12d
kaiev26_decision/kaiev26_decision/scenario_modules/obstacle_fsm.py,kaiev26_decision/kaiev26_decision/scenario_modules/obstacle_fsm.py,100644,03ed556d7f09f114d73d42b04e8e9f9ccdd18aa6,6449,fedd1070ccce39f53fb4ceb60173899e52b3aa25f73676ba458c488fbb2c1e20
kaiev26_decision/kaiev26_decision/scenario_modules/recovery_fsm.py,kaiev26_decision/kaiev26_decision/scenario_modules/recovery_fsm.py,100644,1dfe6ca071c36b85dc99681a0a107c8434f6130e,1659,db6624c48bb0b25e3f3aaef87dc34f4345c9906fd348c2543646ada1cd0e230f
kaiev26_decision/kaiev26_decision/scenario_modules/static_stop_fsm.py,kaiev26_decision/kaiev26_decision/scenario_modules/static_stop_fsm.py,100644,b4b1fbb5d874c523c20c5c8297a73682e3f07635,9070,0d8c7ef53c6b4e46c463bf302326089e6bac1989718fece8d6395a579a1f62fd
kaiev26_decision/kaiev26_decision/scenario_modules/traffic_light_fsm.py,kaiev26_decision/kaiev26_decision/scenario_modules/traffic_light_fsm.py,100644,43ca61d69dc9b1bcb7df10bf56d33af06636084e,13448,c1921d3e6105b80b977d1b1eb4a9bcf6c1a9fb1870597b4b0de50bdabcde3f4d
kaiev26_decision/kaiev26_decision/test_readiness.py,kaiev26_decision/kaiev26_decision/test_readiness.py,100644,c869eab1fd9ea7a13dd13851cfc6e247a203622f,20146,9823003e869e3042bbf4a590a5197f11e8150d375f0e375d2e146726c4064e75
kaiev26_decision/kaiev26_decision/test_steering_step.py,kaiev26_decision/kaiev26_decision/test_steering_step.py,100644,e330e532e49eb8220b2b9986d115f6c98e932e20,6880,47c7e495d9a7551f2e98e5388d19c4fbc7937c0b4e7b60712d89e3eb65f20fe9
kaiev26_decision/kaiev26_decision/test_tracking.py,kaiev26_decision/kaiev26_decision/test_tracking.py,100644,61678c05280feaaa4b9f48ca878d45386d5fa67e,3466,ddf700b37b85b40e3a4ba085af4feae84e89dfdc80736a2fde2b30c2a4d49cfe
kaiev26_decision/kaiev26_decision/test_tui.py,kaiev26_decision/kaiev26_decision/test_tui.py,100644,9fee37e1117936ea8fce0aff5242280f5f10ab71,49633,9003af0fc9648c5cf7b3531170b82e1d31e93b0f5128082298d0547a2801cfe8
kaiev26_decision/kaiev26_decision/zone_policy.py,kaiev26_decision/kaiev26_decision/zone_policy.py,100644,8dc13a26a2c13167bae86b20cda3b4929a7aec01,11055,c00f8e1454a703b57cd07d1da0d877f3e65778011e1dc359d89b3046a4431abf
kaiev26_decision/kaiev26_export/__init__.py,kaiev26_decision/kaiev26_export/__init__.py,100644,abb607f83d598f7110048102b8696fcf6e00c21d,198,5a618029fba64f3f658ac991e8cf60d84fde4a11cade051e7d884825839e52a6
kaiev26_decision/kaiev26_export/cli.py,kaiev26_decision/kaiev26_export/cli.py,100644,b1a724ff6e987f5c3dd4cbeb55b3979318374400,3720,9159b85ee7264c184412b28912b74ae3c8320a8ded203e5e6ee63fca77c855a9
kaiev26_decision/kaiev26_export/exporter.py,kaiev26_decision/kaiev26_export/exporter.py,100644,2c2111439988b02d3428a5cf84bcf1002d3e177b,9577,8433737a35243aa17287f34cc99048c478ebe6079addc4b161226535eb158e08
kaiev26_decision/launch/decision.launch.py,kaiev26_decision/launch/decision.launch.py,100644,c5e9e499425f1138b08e6e223673ea851a4cf0f8,8105,a7e443d5fd6f9f30b81c2da6fa6267b03b57b91e5ab0708f01673b2ace203d74
kaiev26_decision/launch/decision_rviz.launch.py,kaiev26_decision/launch/decision_rviz.launch.py,100644,2bd049cfd9c9d4cd784a5145bed3d9c1debf5632,1611,20b81a255c086b339ab8116f4cb0ec283350c22b977e21bfa247d1c6d53d64f0
kaiev26_decision/launch/decision_test.launch.py,kaiev26_decision/launch/decision_test.launch.py,100644,3f81600e05eac47a7f876ac1de85b87ec8174dd4,10681,72bf5fbf77fc624391487637108551723ecc51c6121ac523ae169b6fd5c72193
kaiev26_decision/package.xml,kaiev26_decision/package.xml,100644,bf8bf2941ab0737619eb5c93d914e4a46911451b,1443,99037fa53e2919ec91b6a6f166d63907e622879e4272bfd65ad0e0a90a927927
kaiev26_decision/resource/kaiev26_decision,kaiev26_decision/resource/kaiev26_decision,100644,8b137891791fe96927ad78e64b0aad7bded08bdc,1,01ba4719c80b6fe911b091a7c05124b64eeece964e09c058ef8f9805daca546b
kaiev26_decision/setup.cfg,kaiev26_decision/setup.cfg,100644,16edaa80fb8794eba491f2734f6eb8d783aaae18,101,60d3305fabf14c34f711bca65152d2ac586a381ae1c0ac86524f64c30548901b
kaiev26_decision/setup.py,kaiev26_decision/setup.py,100644,a00209c13bc464ec7ae488b10d209cc241638436,1707,d1106f87caac2db5f78bbafdba404359d5fb3b9fd4230656fe47250f42b3e78f
kaiev26_decision/test/test_debug_trajectory.py,kaiev26_decision/test/test_debug_trajectory.py,100644,5b1f10861f90c6116d818e0404c28d5623d52a95,718,d7de02db1ec0f459f81f37e25ef9e46e3ea5b7ad3a36202165afb036e822d0cd
kaiev26_decision/test/test_decision_test_tui.py,kaiev26_decision/test/test_decision_test_tui.py,100644,0330bec2c403f1b427f5e0f98466285a58e886be,8674,7ac2f642ffe22c73b6ddba501562f298ffe7ee19d4693f0844f03d598ab8c5dc
kaiev26_decision/test/test_drive_mode_handoff.py,kaiev26_decision/test/test_drive_mode_handoff.py,100644,4eb241ede88ce1dfe3377f803aae46ec17f4e8fe,2869,ab92ca4447e560dacd8ad4906bd55cf02e2b7cdfbe9d4aa6f917ff0646bc728e
kaiev26_decision/test/test_gnss_route_odometry.py,kaiev26_decision/test/test_gnss_route_odometry.py,100644,5c3d55571c59a7d6f5f553e6b6a701606477e17a,12216,9c66460580badb7f968bc0c47e4bd91f73d6465ce3dbdbd025d8b3c9ba1b362d
kaiev26_decision/test/test_kaiev26_export.py,kaiev26_decision/test/test_kaiev26_export.py,100644,e231d9fccd1420cfa28e75bdc836a0e281e0148f,2784,68ace423bdc640b3d824cabb77322787e249df3c29e6f5553dfd4d3c7746833e
kaiev26_decision/test/test_lane_fsm.py,kaiev26_decision/test/test_lane_fsm.py,100644,7c3991daf648a319a9e6903c8b805c377ed223c0,2037,be75d27f9967144d4ef6396baeb85791d02df2e6049f5cc15d88f4158b51aed1
kaiev26_decision/test/test_obstacle_memory.py,kaiev26_decision/test/test_obstacle_memory.py,100644,f462002a456abac37b3a80fe6a8d70bad7aafaf5,22372,78a03d4f3b04702f6d333cb6ca9aa822ecce668510c0ecf95d0b8ca685a743e4
kaiev26_decision/test/test_perception_gateway_contract.py,kaiev26_decision/test/test_perception_gateway_contract.py,100644,a5762548ef8b378a30e83d7ea6071423cf62a32c,8117,2fae35fa04b99854f1199507478f3a8df8b90f6ffe71456b3f93660472f768fd
kaiev26_decision/test/test_route_zone_ranges.py,kaiev26_decision/test/test_route_zone_ranges.py,100644,793c87bcf90040bd3e23fb56d02703c42fed3437,11258,f907955a17e02897622d0645403764440d516c97d401a45aee020f119f5e4e24
kaiev26_decision/test/test_static_stopline.py,kaiev26_decision/test/test_static_stopline.py,100644,6f8935a8a688dcf8e14b3c3a6935f4d706c20bd4,2923,ade96683245fd41f148d89603d7817201c7535c1a1080887126b7c9122d775ce
kaiev26_decision/test/test_steering_step_profile.py,kaiev26_decision/test/test_steering_step_profile.py,100644,f534d0c209c00bda00d17a629229d4cab5888ef7,1436,a4726b99cad63821274e8d2b91b85751b9fbd613e16c249b541d843546dde468
kaiev26_decision/test/test_zone_policy.py,kaiev26_decision/test/test_zone_policy.py,100644,0b7eaf4b63528d8bf5b6cd43bbc2de2275b1fd43,17586,fc43d0c772aae5a91b13623534f98498ce74a446929bdc4b191274ff8533e305
kaiev26_decision/waypoints/kcity_final_route.yaml,kaiev26_decision/waypoints/kcity_final_route.yaml,100644,16e691355d6adb80b4ec6a3e7d09043f89fc13b8,109271,7b17e9628c6209698975b03d9d56d42ef0da4e33105907ac3da756d52b416458
kaiev26_decision/waypoints/kcity_quali_route.yaml,kaiev26_decision/waypoints/kcity_quali_route.yaml,100644,e8c310dcbdab54df6d46a05da056aa0713584760,82701,2a6bb90a0dcf7cd0363fad5659d0783b81077eab293ae7c765346ca11aa6dc5c
kaiev26_decision_fox/.gitignore,kaiev26_decision_fox/.gitignore,100644,80552fb92312f64eb1f40ee3db4775b7f7d0e40d,38,f76e0cc89e965a3ff67ee028d7273b29255ddfba1a6b5efebd180a26d6c19e8c
kaiev26_decision_fox/README.md,kaiev26_decision_fox/README.md,100644,653d83ca69b0c5257087ba8ad20b78f32b5433f7,2568,0f3966300742f8a7583a4f66bb3f535873e1a0912fabfe4b2ed426c6c2aaa233
kaiev26_decision_fox/config/fox.yaml,kaiev26_decision_fox/config/fox.yaml,100644,230ebd7799ad62b5af628705475d019dba6bc3b0,445,0a932037fe6486e31612987ba95abdd42e38b8c5d4b1f00c93792022bb139d5c
kaiev26_decision_fox/foxglove/.gitignore,kaiev26_decision_fox/foxglove/.gitignore,100644,8798504d6bad5981fc039d032f2b36ccd4478859,27,b99d73fa309f6e4a0dbd0c6a5dd0de2ca0eb349f03da0905353183ebff5f2eec
kaiev26_decision_fox/foxglove/.prettierrc.yaml,kaiev26_decision_fox/foxglove/.prettierrc.yaml,100644,151b6b9b492de5e2eb837152c7155176a7b018b1,35,ca9a726b1b427355167da350ef5037fc2595728e5794c95720ebff4cc9d8341a
kaiev26_decision_fox/foxglove/CHANGELOG.md,kaiev26_decision_fox/foxglove/CHANGELOG.md,100644,3cab446f417dd26b55b4d4140b55db0662ec2d3c,151,d8a4c55bf40f23f998e261f406e7915993960824bd2a3c06510b7f0ed8168ef1
kaiev26_decision_fox/foxglove/LICENSE,kaiev26_decision_fox/foxglove/LICENSE,100644,3c18a0b86f47bfdcd851220545bc52de9006f7da,116,1acc2708a335a8eff362582bbabe935760693dfbfc20b132feaa2a6c625c69cc
kaiev26_decision_fox/foxglove/README.md,kaiev26_decision_fox/foxglove/README.md,100644,1eebf670513bfb132a82a9ae9c0dda8201bda264,266,b9b50091884739931a21e10bd4afc3395f04520238c9644e163be7d7ffa24e07
kaiev26_decision_fox/foxglove/eslint.config.js,kaiev26_decision_fox/foxglove/eslint.config.js,100644,63cc3a243a783433d213da1450bdc79c8bb9a5ed,574,ceabbfe4c8daf520b8194001c14cccb6493dac94df899ab81840846f415198bd
kaiev26_decision_fox/foxglove/package-lock.json,kaiev26_decision_fox/foxglove/package-lock.json,100644,0f9302547e8a6f1c853f678c0b6d46ede09abcbb,200744,115a679391dfe5aeda06b38f3779534d8484be26ea0f782ae4656b5fd6f3edfb
kaiev26_decision_fox/foxglove/package.json,kaiev26_decision_fox/foxglove/package.json,100644,1e1ccefd47335546cc88bb5e07502c51eec591d4,1033,e6e70de105fa7784f45691863ceee24ba52f6727c630573d0b98a256c214ae2e
kaiev26_decision_fox/foxglove/src/FsmCard.tsx,kaiev26_decision_fox/foxglove/src/FsmCard.tsx,100644,a628e8eef403f29d96eef1ee16085719c1e4292b,629,19522fee22c666f037feee02122ef98f6132206338704a91e0d9a0347698c7aa
kaiev26_decision_fox/foxglove/src/MonitorPanel.tsx,kaiev26_decision_fox/foxglove/src/MonitorPanel.tsx,100644,6d791d3bea46369d1cf88a7d42ba7a7271c73034,29097,13762b2b77e2bfab85e43ef98031f76ff4d416ebb7fba7ab97ddbde394b39b62
kaiev26_decision_fox/foxglove/src/index.ts,kaiev26_decision_fox/foxglove/src/index.ts,100644,a0f4f66f1cd2c1817a02e4f42673f3a0838fb62b,292,4dcd014a85f6272cbd179d7095d535ea69ccaccf0df2bf110125d0ad9d2071ad
kaiev26_decision_fox/foxglove/src/model.ts,kaiev26_decision_fox/foxglove/src/model.ts,100644,06e9afb4cb0f3cc05633b2e9c66b54f5e37ab492,13575,bfd58241f709b7fbd84e636db50ac89d9d82a45aa2e5e1bbc44984450eeb107f
kaiev26_decision_fox/foxglove/src/styles.ts,kaiev26_decision_fox/foxglove/src/styles.ts,100644,5c62ff094682d7215312f6b812f0f8bdc54fb084,10708,bb02a7feb99da38e9a59ec82e2fbc1234c56d0b08fbc475e659410b25ceac21a
kaiev26_decision_fox/foxglove/src/types.ts,kaiev26_decision_fox/foxglove/src/types.ts,100644,ceeea52989f619e82453dd7422ce59de1114f279,1332,73b2620bdb500444c034a616b2952d0ef7f473376c12c984c43b37524e0f25ee
kaiev26_decision_fox/foxglove/tsconfig.json,kaiev26_decision_fox/foxglove/tsconfig.json,100644,4cf38891c17448b2806b97dc57ed1267f11b37fa,484,03fe749efa033cc2e51af24eb08511dcf5cde860c4f1b3ce25f4882b3835b6d2
kaiev26_decision_fox/kaiev26_decision_fox/__init__.py,kaiev26_decision_fox/kaiev26_decision_fox/__init__.py,100644,30f9d4f357b09dc6d49f54dd000f24ec4516ad79,69,0277ff58d5f9db2458a340404461cad8fb8c33d79fa4ebd19dbdd48b7b114c09
kaiev26_decision_fox/kaiev26_decision_fox/fox_node.py,kaiev26_decision_fox/kaiev26_decision_fox/fox_node.py,100644,730bf008cd0feea6a68ff0b27e6cdd9d082279c8,7325,755f465c5bb53dcc09972f2f2340a02631e81b76e01bfa2f5e91467f9a0ad847
kaiev26_decision_fox/kaiev26_decision_fox/trail.py,kaiev26_decision_fox/kaiev26_decision_fox/trail.py,100644,b2fd26c9c12f245c7b9829ec28bc4aae51057583,1636,170ec1ea11832700acd5ac1ac23850f5e81cf98977f0104887c8a94309e28c1a
kaiev26_decision_fox/launch/fox.launch.py,kaiev26_decision_fox/launch/fox.launch.py,100644,8d7b3a12babc27f543518125ab472c1533b7db95,1933,5f4ea77b0d9f4f1c22f4c9e4eadf79b1c47857cc168aadd01a929835717c9b15
kaiev26_decision_fox/package.xml,kaiev26_decision_fox/package.xml,100644,783fddf8febf74d6fcd584cc339d76fbb9dcff6a,961,dd6830511ab48e5568c4161fe716db7f4ca87c8c601743e0be80e1ad699b265a
kaiev26_decision_fox/resource/kaiev26_decision_fox,kaiev26_decision_fox/resource/kaiev26_decision_fox,100644,8b137891791fe96927ad78e64b0aad7bded08bdc,1,01ba4719c80b6fe911b091a7c05124b64eeece964e09c058ef8f9805daca546b
kaiev26_decision_fox/setup.cfg,kaiev26_decision_fox/setup.cfg,100644,6f47061a8541936ec8539b906ca01c234516937d,109,7aabdcee923879ed926eabb920c22e01dbfebbb7c5b81d019b5c6637e0e67006
kaiev26_decision_fox/setup.py,kaiev26_decision_fox/setup.py,100644,41bec039d0d9dc0f591fd3c82dc9955d8de4328e,1237,fc19a2c8ca12d99a333a56a21c9cba1fa8793c51ee8d4a470f798a27673a0e1a
kaiev26_decision_fox/test/test_trail.py,kaiev26_decision_fox/test/test_trail.py,100644,bc682bebdbc2df2fd022a7c239ff0f79308ff157,1089,890fb406e89df712f4ef6937ccabd767a131d8c8569fd46136552fa3e3eecbb6
kaiev26_motion_control/README.md,kaiev26_motion_control/README.md,100644,a05018e8854a9fea572aa41d4dbdcc6aced48218,3463,ccba32f7e20a65c2b28264327be6a1a94c0dcac0f9e1323a22347f5117ecce96
kaiev26_motion_control/config/motion_control.yaml,kaiev26_motion_control/config/motion_control.yaml,100644,71355e9b0b9f556769a119378fa995b7d7d139ca,3632,a82ef641062a70c1094cf682a95ed9feb1b080e589b6e6b2b0a78d35bf7d0f0a
kaiev26_motion_control/kaiev26_motion_control/__init__.py,kaiev26_motion_control/kaiev26_motion_control/__init__.py,100644,e69de29bb2d1d6434b8b29ae775ad8c2e48c5391,0,e3b0c44298fc1c149afbf4c8996fb92427ae41e4649b934ca495991b7852b855
kaiev26_motion_control/kaiev26_motion_control/motion_control_node.py,kaiev26_motion_control/kaiev26_motion_control/motion_control_node.py,100644,0716cc5724f69305a0e71ec788bdb3108bc69599,72608,08364f2bbce865c4c56b8941aa5569f5f80e82dcb70122832035aec2737c6c53
kaiev26_motion_control/package.xml,kaiev26_motion_control/package.xml,100644,b52bfd1d73ec3c26c16d4d33bce3fb79abf70121,851,b61b2d57887fa8d591ed103f6dbab5b63b5c543965083783374c06506143885b
kaiev26_motion_control/resource/kaiev26_motion_control,kaiev26_motion_control/resource/kaiev26_motion_control,100644,e69de29bb2d1d6434b8b29ae775ad8c2e48c5391,0,e3b0c44298fc1c149afbf4c8996fb92427ae41e4649b934ca495991b7852b855
kaiev26_motion_control/setup.cfg,kaiev26_motion_control/setup.cfg,100644,d98c37770c5b2c96b37abbd93d5fa47302995f66,113,6d12b2688c136855d604bc084566c415896b1e6b611479741e9ca269228d5b61
kaiev26_motion_control/setup.py,kaiev26_motion_control/setup.py,100644,a0c86db1cf16f06c821984ee38ffb701b257c8d8,790,094806ce18e30022b57d4d7ee14cad75b8a59c288eb163f68c1a8176e2cc4a07
kaiev26_motion_control/test/test_ff_stanley.py,kaiev26_motion_control/test/test_ff_stanley.py,100644,29b07bd262345408d1ee27d9f90717a1b67a9673,1506,09b29be0849a60f6f3bffdffccd3a5a074422998e62887882b04c0bd9b462d62
kaiev26_motion_control/test/test_motion_control.py,kaiev26_motion_control/test/test_motion_control.py,100644,3b6cfe04dff87b884f3df8fa7f7ea3c154b086e6,31441,226a89bc4ea5a7c4d5dc053c9c0d968a6c86c1531588dbc3a28ed2116379cc53
